INSERT INTO eligibility.configuration (organization_id,directory_name,created_at,updated_at,email_domains,implementation,data_provider) VALUES
	 (1,'formula_one','2022-05-19 16:39:32.714958-04','2022-05-19 16:39:32.714958-04','{}', null, true);
INSERT INTO eligibility.configuration (organization_id,directory_name,created_at,updated_at,email_domains,implementation,data_provider) VALUES
	 (2,'mercedes','2022-05-19 16:39:32.714958-04','2022-05-19 16:39:32.714958-04','{}', null, false);
INSERT INTO eligibility.configuration (organization_id,directory_name,created_at,updated_at,email_domains,implementation,data_provider) VALUES
	 (3,'redbull','2022-05-19 16:39:32.714958-04','2022-05-19 16:39:32.714958-04','{}', null, false);

INSERT INTO eligibility.organization_external_id (id,source,external_id,organization_id,data_provider_organization_id,created_at,updated_at) VALUES
	 (1,'optum','mercedes',2, 1,'2022-05-19 16:39:35.202798-04','2022-05-19 16:39:35.202798-04');
INSERT INTO eligibility.organization_external_id (id,source,external_id,organization_id,data_provider_organization_id,created_at,updated_at) VALUES
	 (2,'optum','redbull',3, 1,'2022-05-19 16:39:35.202798-04','2022-05-19 16:39:35.202798-04');

INSERT INTO eligibility.file (id, organization_id,"name","encoding",started_at,completed_at,created_at,updated_at) VALUES
	 (8870, 1,'file','utf8','2022-04-21 15:56:03.57855-04',NULL,'2022-04-21 15:56:03.57855-04','2022-04-21 15:56:03.57855-04');
INSERT INTO eligibility.file (id, organization_id,"name","encoding",started_at,completed_at,created_at,updated_at) VALUES
	 (8871, 1,'file','utf8','2022-04-21 15:56:03.57855-04',NULL,'2022-04-21 15:56:03.57855-04','2022-04-21 15:56:03.57855-04');


INSERT INTO eligibility.file_parse_results (organization_id,file_id,first_name,last_name,email,unique_corp_id,dependent_id,date_of_birth,work_state,record,errors,warnings,effective_range,created_at,updated_at,do_not_contact,gender_code) VALUES
	 (2,8870,'Christian','Horner','chorner@gmail.com','01236','','1970-01-01','OK',NULL,'{}','{}','[2022-04-21,)','2022-04-21 15:57:56.713824-04','2022-04-21 15:57:56.713824-04',NULL,NULL),
	 (2,8870,'Max','Verstappen','mverstappen@gmail.com','32323','','1970-01-01','OK',NULL,'{}','{}','[2022-04-21,)','2022-04-21 15:57:56.713824-04','2022-04-21 15:57:56.713824-04',NULL,NULL),
	 (2,8870,'Sergio','Perez','sperez@gmail.com','23352','','1970-01-01','OK',NULL,'{}','{}','[2022-04-21,)','2022-04-21 15:57:56.713824-04','2022-04-21 15:57:56.713824-04',NULL,NULL),
	 (3,8870,'Toto','Wolff','twolff@gmail.com','0236546','','1970-01-01','OK',NULL,'{}','{}','[2022-04-21,)','2022-04-21 15:57:56.713824-04','2022-04-21 15:57:56.713824-04',NULL,NULL),
	 (3,8870,'Lewis','Hamilton','lhamilton@gmail.com','756737','','1970-01-01','OK',NULL,'{}','{}','[2022-04-21,)','2022-04-21 15:57:56.713824-04','2022-04-21 15:57:56.713824-04',NULL,NULL),
	 (3,8870,'George','Russell','grussell@gmail.com','235865','','1970-01-01','OK',NULL,'{}','{}','[2022-04-21,)','2022-04-21 15:57:56.713824-04','2022-04-21 15:57:56.713824-04',NULL,NULL);

INSERT INTO eligibility.file_parse_results (organization_id,file_id,first_name,last_name,email,unique_corp_id,dependent_id,date_of_birth,work_state,record,errors,warnings,effective_range,created_at,updated_at,do_not_contact,gender_code) VALUES
	 (2,8871,'Christian','Horner','chorner@gmail.com','01236','','1970-01-01','OK',NULL,'{}','{}','[2022-04-21,)','2022-04-21 15:57:56.713824-04','2022-04-21 15:57:56.713824-04',NULL,NULL),
	 (2,8871,'Max','Verstappen','mverstappen@gmail.com','32323','','1970-01-01','OK',NULL,'{}','{}','[2022-04-21,)','2022-04-21 15:57:56.713824-04','2022-04-21 15:57:56.713824-04',NULL,NULL),
	 (2,8871,'Sergio','Perez','sperez@gmail.com','23352','','1970-01-01','OK',NULL,'{}','{}','[2022-04-21,)','2022-04-21 15:57:56.713824-04','2022-04-21 15:57:56.713824-04',NULL,NULL),
	 (3,8871,'Toto','Wolff','twolff@gmail.com','0236546','','1970-01-01','OK',NULL,'{}','{}','[2022-04-21,)','2022-04-21 15:57:56.713824-04','2022-04-21 15:57:56.713824-04',NULL,NULL),
	 (3,8871,'Lewis','Hamilton','lhamilton@gmail.com','756737','','1970-01-01','OK',NULL,'{}','{}','[2022-04-21,)','2022-04-21 15:57:56.713824-04','2022-04-21 15:57:56.713824-04',NULL,NULL),
	 (3,8871,'George','Russell','grussell@gmail.com','235865','','1970-01-01','OK',NULL,'{}','{}','[2022-04-21,)','2022-04-21 15:57:56.713824-04','2022-04-21 15:57:56.713824-04',NULL,NULL);


INSERT INTO eligibility.file_parse_errors
(file_id, organization_id, record, errors, warnings, created_at, updated_at)
VALUES
       (8870, 2, '{"foo": "bar"}', '{}', '{}', CURRENT_TIMESTAMP, CURRENT_TIMESTAMP),
       (8870, 2, '{"baz": "buzz"}', '{buzz:baz}', '{}', CURRENT_TIMESTAMP, CURRENT_TIMESTAMP),
       (8870, 3, '{"bar": "foo"}', '{}', '{bar:foo}', CURRENT_TIMESTAMP, CURRENT_TIMESTAMP),
       (8870, 3, '{"baz": "buzz"}', '{buzz:baz}', '{}', CURRENT_TIMESTAMP, CURRENT_TIMESTAMP),
       (8870, 3, '{"bar": "foo"}', '{}', '{bar:foo}', CURRENT_TIMESTAMP, CURRENT_TIMESTAMP);


INSERT INTO eligibility."member" (id,organization_id,file_id,first_name,last_name,email,unique_corp_id,dependent_id,date_of_birth,work_state,record,created_at,updated_at,effective_range,do_not_contact,gender_code) VALUES
	 (19535,2,NULL,'Susan','Gonzales','forbestheresa@example.com','CCOUGBC31JA','ILTIGBBBQTT','2018-03-01',NULL,'{"altId": "BHEZGBOBMQA", "emails": [{"emailId": "forbestheresa@example.com"}], "source": "optum", "clientId": "12345", "lastName": "Gonzales", "memberId": "CCOUGBC31JA", "policies": [{"effectiveDate": "2020-01-02", "terminationDate": "2025-08-21", "customerAccountId": "FLCOGB879YO"}], "uniqueId": "GHFDGBVHAU9", "firstName": "Susan", "attributes": [], "clientName": "Pratt-Martin", "customerId": "LMZLGBEJRWU", "genderCode": "O", "genderDesc": "Male", "dateOfBirth": "2018-03-01", "external_id": "12345", "received_ts": 341341879254375, "customerName": "Turner-Lewis", "doNotContact": "f", "subscriberId": "GQGMGBSLFG4", "external_name": "Pratt-Martin", "dependentTypeId": "CBVEGBQHHB0", "postaladdresses": [{"city": "Savageside", "state": "Montana", "postalCode": "88435", "addressLine1": "13138 Ethan Islands", "addressLine2": "55659 Fisher Ramp", "addressTypeCode": "180", "addressTypeDesc": "Other", "postalSuffixCode": "16828"}], "primaryMemberId": "ILTIGBBBQTT", "dependentTypeDesc": "delgado"}','2022-05-24 09:45:05.124822-04','2022-05-24 09:45:05.124822-04','[2020-01-02,2025-08-22)','False','O'),
	 (19536,2,NULL,'Sheila','Payne','albertharrison@example.org','EDBOGBUMG8K','MFTDGB2TDSD','2016-02-01',NULL,'{"altId": "MZXAGBI5GDY", "emails": [{"emailId": "albertharrison@example.org"}], "source": "optum", "clientId": "12345", "lastName": "Payne", "memberId": "EDBOGBUMG8K", "policies": [{"effectiveDate": "2022-05-02", "terminationDate": "2029-02-24", "customerAccountId": "HTRCGBXHHDS"}], "uniqueId": "RTIJGBYA1Q6", "firstName": "Sheila", "attributes": [], "clientName": "Bell, Cole and Caldwell", "customerId": "OKWXGB6SFPG", "genderCode": "O", "genderDesc": "Male", "dateOfBirth": "2016-02-01", "external_id": "12345", "received_ts": 341341879328875, "customerName": "Thompson, Quinn and Bell", "doNotContact": "f", "subscriberId": "CZULGBUDT8Z", "external_name": "Bell, Cole and Caldwell", "dependentTypeId": "RKKJGBVNFNW", "postaladdresses": [{"city": "Jenniferfurt", "state": "Tennessee", "postalCode": "59152", "addressLine1": "6114 Dakota Plains", "addressLine2": "87533 Katherine Village", "addressTypeCode": "180", "addressTypeDesc": "Other", "postalSuffixCode": "45541"}], "primaryMemberId": "MFTDGB2TDSD", "dependentTypeDesc": "cook-bird"}','2022-05-24 09:45:05.124822-04','2022-05-24 09:45:05.124822-04','[2022-05-02,2029-02-25)','False','O'),
	 (19537,2,NULL,'William','Smith','nancy72@example.net','IBBCGBBBNOR','WVIBGBD0JT7','2006-03-05',NULL,'{"altId": "LOXRGBH163E", "emails": [{"emailId": "nancy72@example.net"}], "source": "optum", "clientId": "12345", "lastName": "Smith", "memberId": "IBBCGBBBNOR", "policies": [{"effectiveDate": "2022-02-26", "terminationDate": "2025-10-22", "customerAccountId": "OVSFGBD6B6B"}], "uniqueId": "ESDUGBE410R", "firstName": "William", "attributes": [], "clientName": "Davis and Sons", "customerId": "TWOOGBHNH49", "genderCode": "O", "genderDesc": "Male", "dateOfBirth": "2006-03-05", "external_id": "12345", "received_ts": 341341879228791, "customerName": "Maxwell, Haynes and Hicks", "doNotContact": "f", "subscriberId": "FUTLGBY7HXC", "external_name": "Davis and Sons", "dependentTypeId": "ONEUGBCQTV9", "postaladdresses": [{"city": "Port Katherine", "state": "Hawaii", "postalCode": "21603", "addressLine1": "19799 Rhonda Extension Suite 886", "addressLine2": "0912 James Mills Suite 842", "addressTypeCode": "180", "addressTypeDesc": "Other", "postalSuffixCode": "78024"}], "primaryMemberId": "WVIBGBD0JT7", "dependentTypeDesc": "santiago-ford"}','2022-05-24 09:45:05.124822-04','2022-05-24 09:45:05.124822-04','[2022-02-26,2025-10-23)','False','O'),
	 (19538,2,NULL,'Lisa','Johnson','dianerobinson@example.net','OQGNGBDVXNF','GOEEGBUDPZW','2001-03-28',NULL,'{"altId": "TCVYGBP73ET", "emails": [{"emailId": "dianerobinson@example.net"}], "source": "optum", "clientId": "12345", "lastName": "Johnson", "memberId": "OQGNGBDVXNF", "policies": [{"effectiveDate": "2020-06-09", "terminationDate": "2022-11-17", "customerAccountId": "PXUIGB3B3G2"}], "uniqueId": "YTTGGB1BOS2", "firstName": "Lisa", "attributes": [], "clientName": "Bailey Inc", "customerId": "NKWLGBYCTVZ", "genderCode": "O", "genderDesc": "Male", "dateOfBirth": "2001-03-28", "external_id": "12345", "received_ts": 341341878266333, "customerName": "Knox-Turner", "doNotContact": "f", "subscriberId": "DBEFGBGDDDJ", "external_name": "Bailey Inc", "dependentTypeId": "PRLAGBU6GDZ", "postaladdresses": [{"city": "Walshtown", "state": "Iowa", "postalCode": "21159", "addressLine1": "7016 Michael Junction Suite 951", "addressLine2": "2367 Castro Islands", "addressTypeCode": "180", "addressTypeDesc": "Other", "postalSuffixCode": "53414"}], "primaryMemberId": "GOEEGBUDPZW", "dependentTypeDesc": "davis"}','2022-05-24 09:45:05.124822-04','2022-05-24 09:45:05.124822-04','[2020-06-09,2022-11-18)','False','O'),
	 (19539,3,NULL,'Robert','Cooper','reevesbarbara@example.com','SAFPGBSVVTV','THXKGBA3UBH','2009-01-07',NULL,'{"altId": "PDMQGBOXDTP", "emails": [{"emailId": "reevesbarbara@example.com"}], "source": "optum", "clientId": "12345", "lastName": "Cooper", "memberId": "SAFPGBSVVTV", "policies": [{"effectiveDate": "2021-06-03", "terminationDate": "2026-04-10", "customerAccountId": "DIFMGB1TP1I"}], "uniqueId": "OBZUGB80NGF", "firstName": "Robert", "attributes": [], "clientName": "Young, Mccormick and Lopez", "customerId": "MIGCGBBT81C", "genderCode": "O", "genderDesc": "Male", "dateOfBirth": "2009-01-07", "external_id": "12345", "received_ts": 341341879353333, "customerName": "Rodriguez LLC", "doNotContact": "f", "subscriberId": "NRXNGB41POZ", "external_name": "Young, Mccormick and Lopez", "dependentTypeId": "URJJGBVO611", "postaladdresses": [{"city": "Pamelafort", "state": "Michigan", "postalCode": "45103", "addressLine1": "17214 Murray Park", "addressLine2": "31499 Schaefer Ville Apt. 775", "addressTypeCode": "180", "addressTypeDesc": "Other", "postalSuffixCode": "02757"}], "primaryMemberId": "THXKGBA3UBH", "dependentTypeDesc": "greene"}','2022-05-24 09:45:05.124822-04','2022-05-24 09:45:05.124822-04','[2021-06-03,2026-04-11)','False','O'),
	 (19540,3,NULL,'Glen','Harding','larsenbrittany@example.com','SIIBGBGTUX2','RPTLGB7HDE6','2009-09-25',NULL,'{"altId": "FVURGBEWKAC", "emails": [{"emailId": "larsenbrittany@example.com"}], "source": "optum", "clientId": "12345", "lastName": "Harding", "memberId": "SIIBGBGTUX2", "policies": [{"effectiveDate": "2021-12-28", "terminationDate": "2026-04-13", "customerAccountId": "IHZJGB4GNC0"}], "uniqueId": "WILBGB2VGT7", "firstName": "Glen", "attributes": [], "clientName": "Fox, Carter and Montes", "customerId": "RLBVGBL79NP", "genderCode": "O", "genderDesc": "Male", "dateOfBirth": "2009-09-25", "external_id": "12345", "received_ts": 341341879303958, "customerName": "Zavala, Davis and Lopez", "doNotContact": "f", "subscriberId": "UITWGBQRVKW", "external_name": "Fox, Carter and Montes", "dependentTypeId": "GFFCGBJYQB3", "postaladdresses": [{"city": "Port Beckyborough", "state": "Washington", "postalCode": "11285", "addressLine1": "792 Victoria Mountains", "addressLine2": "4424 Erika Lakes Apt. 961", "addressTypeCode": "180", "addressTypeDesc": "Other", "postalSuffixCode": "97384"}], "primaryMemberId": "RPTLGB7HDE6", "dependentTypeDesc": "wilkinson"}','2022-05-24 09:45:05.124822-04','2022-05-24 09:45:05.124822-04','[2021-12-28,2026-04-14)','False','O'),
	 (19541,3,NULL,'Brian','Owens','urogers@example.com','TTUQGBGO5CF','SEXHGB1JZ43','2007-08-14',NULL,'{"altId": "HNJIGBG1H4K", "emails": [{"emailId": "urogers@example.com"}], "source": "optum", "clientId": "12345", "lastName": "Owens", "memberId": "TTUQGBGO5CF", "policies": [{"effectiveDate": "2021-05-16", "terminationDate": "2023-07-24", "customerAccountId": "TILWGBVM2CD"}], "uniqueId": "VCIEGBFV6IX", "firstName": "Brian", "attributes": [], "clientName": "Benjamin, Leonard and Smith", "customerId": "LVPYGBVPVMG", "genderCode": "O", "genderDesc": "Male", "dateOfBirth": "2007-08-14", "external_id": "12345", "received_ts": 341341879279625, "customerName": "Johnston, Rivas and Torres", "doNotContact": "f", "subscriberId": "MQIUGBXDHHV", "external_name": "Benjamin, Leonard and Smith", "dependentTypeId": "FYABGBS06AD", "postaladdresses": [{"city": "New Dennisfort", "state": "Minnesota", "postalCode": "45228", "addressLine1": "2624 Shannon Course", "addressLine2": "802 Laura Branch", "addressTypeCode": "180", "addressTypeDesc": "Other", "postalSuffixCode": "09616"}], "primaryMemberId": "SEXHGB1JZ43", "dependentTypeDesc": "harris-briggs"}','2022-05-24 09:45:05.124822-04','2022-05-24 09:45:05.124822-04','[2021-05-16,2023-07-25)','False','O'),
	 (19542,3,NULL,'Monica','Hill','erin05@example.net','UDMSGB5ER03','ZANGGBAV46N','2021-06-15',NULL,'{"altId": "NLYEGBY9FQT", "emails": [{"emailId": "erin05@example.net"}], "source": "optum", "clientId": "12345", "lastName": "Hill", "memberId": "UDMSGB5ER03", "policies": [{"effectiveDate": "2020-01-07", "terminationDate": "2026-12-21", "customerAccountId": "VUMUGBJ8RKL"}], "uniqueId": "EGBPGB1UGH5", "firstName": "Monica", "attributes": [], "clientName": "Gonzalez, Dyer and Green", "customerId": "KPSCGB2XC40", "genderCode": "O", "genderDesc": "Male", "dateOfBirth": "2021-06-15", "external_id": "12345", "received_ts": 341341879173750, "customerName": "Bates-Patterson", "doNotContact": "f", "subscriberId": "ERRVGB95A58", "external_name": "Gonzalez, Dyer and Green", "dependentTypeId": "QACFGBPQ7XI", "postaladdresses": [{"city": "Port Conniemouth", "state": "North Dakota", "postalCode": "37425", "addressLine1": "33402 Farmer Cape", "addressLine2": "327 Spence Run Apt. 565", "addressTypeCode": "180", "addressTypeDesc": "Other", "postalSuffixCode": "56220"}], "primaryMemberId": "ZANGGBAV46N", "dependentTypeDesc": "hood"}','2022-05-24 09:45:05.124822-04','2022-05-24 09:45:05.124822-04','[2020-01-07,2026-12-22)','False','O'),
	 (19543,3,NULL,'Megan','Bautista','michael97@example.org','UFVEGB1BC5B','PFQNGB72KFL','2014-04-13',NULL,'{"altId": "AYTWGB3R83H", "emails": [{"emailId": "michael97@example.org"}], "source": "optum", "clientId": "12345", "lastName": "Bautista", "memberId": "UFVEGB1BC5B", "policies": [{"effectiveDate": "2020-11-08", "terminationDate": "2026-01-29", "customerAccountId": "JANNGBJQJJI"}], "uniqueId": "VHLFGBW5ZDW", "firstName": "Megan", "attributes": [], "clientName": "Martin, Zuniga and Spencer", "customerId": "ITIVGB1A2DS", "genderCode": "O", "genderDesc": "Male", "dateOfBirth": "2014-04-13", "external_id": "12345", "received_ts": 341341879139041, "customerName": "Clark-Olson", "doNotContact": "f", "subscriberId": "FQQVGBMWEUY", "external_name": "Martin, Zuniga and Spencer", "dependentTypeId": "UTBCGB7S4VP", "postaladdresses": [{"city": "Angelamouth", "state": "New Hampshire", "postalCode": "02083", "addressLine1": "5298 Smith Terrace Apt. 661", "addressLine2": "003 Adkins Squares", "addressTypeCode": "180", "addressTypeDesc": "Other", "postalSuffixCode": "06771"}], "primaryMemberId": "PFQNGB72KFL", "dependentTypeDesc": "roberts"}','2022-05-24 09:45:05.124822-04','2022-05-24 09:45:05.124822-04','[2020-11-08,2026-01-30)','False','O'),
	 (19544,3,NULL,'Roy','Glenn','kurtsmith@example.org','UMWPGBCYN1X','BLRSGBIYJNC','2015-08-14',NULL,'{"altId": "CDJCGBEK2S7", "emails": [{"emailId": "kurtsmith@example.org"}], "source": "optum", "clientId": "12345", "lastName": "Glenn", "memberId": "UMWPGBCYN1X", "policies": [{"effectiveDate": "2022-01-05", "terminationDate": "2023-08-11", "customerAccountId": "LQEKGB0I0ZN"}], "uniqueId": "NHUIGBG1J5R", "firstName": "Roy", "attributes": [], "clientName": "Weber, Clark and Rose", "customerId": "HLMFGBAMEXV", "genderCode": "O", "genderDesc": "Male", "dateOfBirth": "2015-08-14", "external_id": "12345", "received_ts": 341341879202583, "customerName": "Perez-Deleon", "doNotContact": "f", "subscriberId": "CPHHGBIGGBK", "external_name": "Weber, Clark and Rose", "dependentTypeId": "QNBZGB0NBTA", "postaladdresses": [{"city": "Kennethburgh", "state": "Maryland", "postalCode": "59998", "addressLine1": "5120 Roberto Rest Suite 176", "addressLine2": "04220 Cooper Land", "addressTypeCode": "180", "addressTypeDesc": "Other", "postalSuffixCode": "06393"}], "primaryMemberId": "BLRSGBIYJNC", "dependentTypeDesc": "perez-conley"}','2022-05-24 09:45:05.124822-04','2022-05-24 09:45:05.124822-04','[2022-01-05,2023-08-12)','False','O');
