INSERT INTO eligibility."configuration" (organization_id,directory_name,created_at,updated_at,email_domains,"implementation", activated_at) VALUES
	 (1,'optum','2022-05-19 16:39:32.714958-04','2022-05-19 16:39:32.714958-04','{}','MICROSOFT', '2022-01-01'),
     (2,'primary','2022-05-19 16:39:32.714958-04','2022-05-19 16:39:32.714958-04','{}','MICROSOFT', '2022-01-01');

INSERT INTO eligibility.organization_external_id (id,"source",external_id,organization_id,created_at,updated_at) VALUES
	 (2,'optum','12345',1,'2022-05-19 16:39:35.202798-04','2022-05-19 16:39:35.202798-04');


INSERT INTO eligibility.file (id, organization_id,"name","encoding",started_at,completed_at,created_at,updated_at) VALUES
	 (8870, 1,'file','utf8',NULL,NULL,'2022-04-21 15:56:03.57855-04','2022-04-21 15:56:03.57855-04');


INSERT INTO eligibility.file_parse_results (organization_id,file_id,first_name,last_name,email,unique_corp_id,dependent_id,date_of_birth,work_state,record,errors,warnings,effective_range,created_at,updated_at,do_not_contact,gender_code) VALUES
	 (1,8870,'new','record','','01236','','1970-01-01','OK',NULL,'{}','{}','[2022-04-21,)','2022-04-21 15:57:56.713824-04','2022-04-21 15:57:56.713824-04',NULL,NULL),
	 (1,8870,'new','record2','','01237','','1970-01-01','OK',NULL,'{}','{}','[2022-04-21,)','2022-04-21 15:57:56.713824-04','2022-04-21 15:57:56.713824-04',NULL,NULL),
	 (1,8870,'intersecting','match','','01238','','1970-01-01','OK',NULL,'{}','{}','[2022-04-21,)','2022-04-21 15:57:56.713824-04','2022-04-21 15:57:56.713824-04',NULL,NULL);

INSERT INTO eligibility.file_parse_errors
(file_id, organization_id, record, errors, warnings, created_at, updated_at)
VALUES
       (8870, 1, '{"foo": "bar"}', '{}', '{}', CURRENT_TIMESTAMP, CURRENT_TIMESTAMP),
       (8870, 1, '{"baz": "buzz"}', '{buzz:baz}', '{}', CURRENT_TIMESTAMP, CURRENT_TIMESTAMP),
       (8870, 1, '{"bar": "foo"}', '{}', '{bar:foo}', CURRENT_TIMESTAMP, CURRENT_TIMESTAMP);


INSERT INTO eligibility."member" (id,organization_id,file_id,first_name,last_name,email,unique_corp_id,dependent_id,date_of_birth,work_state,record,created_at,updated_at,effective_range,do_not_contact,gender_code) VALUES
	 (19535,1,NULL,'Susan','Gonzales','forbestheresa@example.com','CCOUGBC31JA','ILTIGBBBQTT','2018-03-01',NULL,'{"altId": "BHEZGBOBMQA", "emails": [{"emailId": "forbestheresa@example.com"}], "source": "optum", "clientId": "12345", "lastName": "Gonzales", "memberId": "CCOUGBC31JA", "policies": [{"effectiveDate": "2020-01-02", "terminationDate": "2025-08-21", "customerAccountId": "FLCOGB879YO"}], "uniqueId": "GHFDGBVHAU9", "firstName": "Susan", "attributes": [], "clientName": "Pratt-Martin", "customerId": "LMZLGBEJRWU", "genderCode": "O", "genderDesc": "Male", "dateOfBirth": "2018-03-01", "external_id": "12345", "received_ts": 341341879254375, "customerName": "Turner-Lewis", "doNotContact": "f", "subscriberId": "GQGMGBSLFG4", "external_name": "Pratt-Martin", "dependentTypeId": "CBVEGBQHHB0", "postaladdresses": [{"city": "Savageside", "state": "Montana", "postalCode": "88435", "addressLine1": "13138 Ethan Islands", "addressLine2": "55659 Fisher Ramp", "addressTypeCode": "180", "addressTypeDesc": "Other", "postalSuffixCode": "16828"}], "primaryMemberId": "ILTIGBBBQTT", "dependentTypeDesc": "delgado"}','2022-05-24 09:45:05.124822-04','2022-05-24 09:45:05.124822-04','[2020-01-02,2025-08-22)','False','O'),
	 (19536,1,NULL,'Sheila','Payne','albertharrison@example.org','EDBOGBUMG8K','MFTDGB2TDSD','2016-02-01',NULL,'{"altId": "MZXAGBI5GDY", "emails": [{"emailId": "albertharrison@example.org"}], "source": "optum", "clientId": "12345", "lastName": "Payne", "memberId": "EDBOGBUMG8K", "policies": [{"effectiveDate": "2022-05-02", "terminationDate": "2029-02-24", "customerAccountId": "HTRCGBXHHDS"}], "uniqueId": "RTIJGBYA1Q6", "firstName": "Sheila", "attributes": [], "clientName": "Bell, Cole and Caldwell", "customerId": "OKWXGB6SFPG", "genderCode": "O", "genderDesc": "Male", "dateOfBirth": "2016-02-01", "external_id": "12345", "received_ts": 341341879328875, "customerName": "Thompson, Quinn and Bell", "doNotContact": "f", "subscriberId": "CZULGBUDT8Z", "external_name": "Bell, Cole and Caldwell", "dependentTypeId": "RKKJGBVNFNW", "postaladdresses": [{"city": "Jenniferfurt", "state": "Tennessee", "postalCode": "59152", "addressLine1": "6114 Dakota Plains", "addressLine2": "87533 Katherine Village", "addressTypeCode": "180", "addressTypeDesc": "Other", "postalSuffixCode": "45541"}], "primaryMemberId": "MFTDGB2TDSD", "dependentTypeDesc": "cook-bird"}','2022-05-24 09:45:05.124822-04','2022-05-24 09:45:05.124822-04','[2022-05-02,2029-02-25)','False','O'),
	 (19537,1,NULL,'William','Smith','nancy72@example.net','IBBCGBBBNOR','WVIBGBD0JT7','2006-03-05',NULL,'{"altId": "LOXRGBH163E", "emails": [{"emailId": "nancy72@example.net"}], "source": "optum", "clientId": "12345", "lastName": "Smith", "memberId": "IBBCGBBBNOR", "policies": [{"effectiveDate": "2022-02-26", "terminationDate": "2025-10-22", "customerAccountId": "OVSFGBD6B6B"}], "uniqueId": "ESDUGBE410R", "firstName": "William", "attributes": [], "clientName": "Davis and Sons", "customerId": "TWOOGBHNH49", "genderCode": "O", "genderDesc": "Male", "dateOfBirth": "2006-03-05", "external_id": "12345", "received_ts": 341341879228791, "customerName": "Maxwell, Haynes and Hicks", "doNotContact": "f", "subscriberId": "FUTLGBY7HXC", "external_name": "Davis and Sons", "dependentTypeId": "ONEUGBCQTV9", "postaladdresses": [{"city": "Port Katherine", "state": "Hawaii", "postalCode": "21603", "addressLine1": "19799 Rhonda Extension Suite 886", "addressLine2": "0912 James Mills Suite 842", "addressTypeCode": "180", "addressTypeDesc": "Other", "postalSuffixCode": "78024"}], "primaryMemberId": "WVIBGBD0JT7", "dependentTypeDesc": "santiago-ford"}','2022-05-24 09:45:05.124822-04','2022-05-24 09:45:05.124822-04','[2022-02-26,2025-10-23)','False','O'),
	 (19538,1,NULL,'Lisa','Johnson','dianerobinson@example.net','OQGNGBDVXNF','GOEEGBUDPZW','2001-03-28',NULL,'{"altId": "TCVYGBP73ET", "emails": [{"emailId": "dianerobinson@example.net"}], "source": "optum", "clientId": "12345", "lastName": "Johnson", "memberId": "OQGNGBDVXNF", "policies": [{"effectiveDate": "2020-06-09", "terminationDate": "2022-11-17", "customerAccountId": "PXUIGB3B3G2"}], "uniqueId": "YTTGGB1BOS2", "firstName": "Lisa", "attributes": [], "clientName": "Bailey Inc", "customerId": "NKWLGBYCTVZ", "genderCode": "O", "genderDesc": "Male", "dateOfBirth": "2001-03-28", "external_id": "12345", "received_ts": 341341878266333, "customerName": "Knox-Turner", "doNotContact": "f", "subscriberId": "DBEFGBGDDDJ", "external_name": "Bailey Inc", "dependentTypeId": "PRLAGBU6GDZ", "postaladdresses": [{"city": "Walshtown", "state": "Iowa", "postalCode": "21159", "addressLine1": "7016 Michael Junction Suite 951", "addressLine2": "2367 Castro Islands", "addressTypeCode": "180", "addressTypeDesc": "Other", "postalSuffixCode": "53414"}], "primaryMemberId": "GOEEGBUDPZW", "dependentTypeDesc": "davis"}','2022-05-24 09:45:05.124822-04','2022-05-24 09:45:05.124822-04','[2020-06-09,2022-11-18)','False','O'),
	 (19539,1,NULL,'Robert','Cooper','reevesbarbara@example.com','SAFPGBSVVTV','THXKGBA3UBH','2009-01-07',NULL,'{"altId": "PDMQGBOXDTP", "emails": [{"emailId": "reevesbarbara@example.com"}], "source": "optum", "clientId": "12345", "lastName": "Cooper", "memberId": "SAFPGBSVVTV", "policies": [{"effectiveDate": "2021-06-03", "terminationDate": "2026-04-10", "customerAccountId": "DIFMGB1TP1I"}], "uniqueId": "OBZUGB80NGF", "firstName": "Robert", "attributes": [], "clientName": "Young, Mccormick and Lopez", "customerId": "MIGCGBBT81C", "genderCode": "O", "genderDesc": "Male", "dateOfBirth": "2009-01-07", "external_id": "12345", "received_ts": 341341879353333, "customerName": "Rodriguez LLC", "doNotContact": "f", "subscriberId": "NRXNGB41POZ", "external_name": "Young, Mccormick and Lopez", "dependentTypeId": "URJJGBVO611", "postaladdresses": [{"city": "Pamelafort", "state": "Michigan", "postalCode": "45103", "addressLine1": "17214 Murray Park", "addressLine2": "31499 Schaefer Ville Apt. 775", "addressTypeCode": "180", "addressTypeDesc": "Other", "postalSuffixCode": "02757"}], "primaryMemberId": "THXKGBA3UBH", "dependentTypeDesc": "greene"}','2022-05-24 09:45:05.124822-04','2022-05-24 09:45:05.124822-04','[2021-06-03,2026-04-11)','False','O'),
	 (19540,1,NULL,'Glen','Harding','larsenbrittany@example.com','SIIBGBGTUX2','RPTLGB7HDE6','2009-09-25',NULL,'{"altId": "FVURGBEWKAC", "emails": [{"emailId": "larsenbrittany@example.com"}], "source": "optum", "clientId": "12345", "lastName": "Harding", "memberId": "SIIBGBGTUX2", "policies": [{"effectiveDate": "2021-12-28", "terminationDate": "2026-04-13", "customerAccountId": "IHZJGB4GNC0"}], "uniqueId": "WILBGB2VGT7", "firstName": "Glen", "attributes": [], "clientName": "Fox, Carter and Montes", "customerId": "RLBVGBL79NP", "genderCode": "O", "genderDesc": "Male", "dateOfBirth": "2009-09-25", "external_id": "12345", "received_ts": 341341879303958, "customerName": "Zavala, Davis and Lopez", "doNotContact": "f", "subscriberId": "UITWGBQRVKW", "external_name": "Fox, Carter and Montes", "dependentTypeId": "GFFCGBJYQB3", "postaladdresses": [{"city": "Port Beckyborough", "state": "Washington", "postalCode": "11285", "addressLine1": "792 Victoria Mountains", "addressLine2": "4424 Erika Lakes Apt. 961", "addressTypeCode": "180", "addressTypeDesc": "Other", "postalSuffixCode": "97384"}], "primaryMemberId": "RPTLGB7HDE6", "dependentTypeDesc": "wilkinson"}','2022-05-24 09:45:05.124822-04','2022-05-24 09:45:05.124822-04','[2021-12-28,2026-04-14)','False','O'),
	 (19541,1,NULL,'Brian','Owens','urogers@example.com','TTUQGBGO5CF','SEXHGB1JZ43','2007-08-14',NULL,'{"altId": "HNJIGBG1H4K", "emails": [{"emailId": "urogers@example.com"}], "source": "optum", "clientId": "12345", "lastName": "Owens", "memberId": "TTUQGBGO5CF", "policies": [{"effectiveDate": "2021-05-16", "terminationDate": "2023-07-24", "customerAccountId": "TILWGBVM2CD"}], "uniqueId": "VCIEGBFV6IX", "firstName": "Brian", "attributes": [], "clientName": "Benjamin, Leonard and Smith", "customerId": "LVPYGBVPVMG", "genderCode": "O", "genderDesc": "Male", "dateOfBirth": "2007-08-14", "external_id": "12345", "received_ts": 341341879279625, "customerName": "Johnston, Rivas and Torres", "doNotContact": "f", "subscriberId": "MQIUGBXDHHV", "external_name": "Benjamin, Leonard and Smith", "dependentTypeId": "FYABGBS06AD", "postaladdresses": [{"city": "New Dennisfort", "state": "Minnesota", "postalCode": "45228", "addressLine1": "2624 Shannon Course", "addressLine2": "802 Laura Branch", "addressTypeCode": "180", "addressTypeDesc": "Other", "postalSuffixCode": "09616"}], "primaryMemberId": "SEXHGB1JZ43", "dependentTypeDesc": "harris-briggs"}','2022-05-24 09:45:05.124822-04','2022-05-24 09:45:05.124822-04','[2021-05-16,2023-07-25)','False','O'),
	 (19542,1,NULL,'Monica','Hill','erin05@example.net','UDMSGB5ER03','ZANGGBAV46N','2021-06-15',NULL,'{"altId": "NLYEGBY9FQT", "emails": [{"emailId": "erin05@example.net"}], "source": "optum", "clientId": "12345", "lastName": "Hill", "memberId": "UDMSGB5ER03", "policies": [{"effectiveDate": "2020-01-07", "terminationDate": "2026-12-21", "customerAccountId": "VUMUGBJ8RKL"}], "uniqueId": "EGBPGB1UGH5", "firstName": "Monica", "attributes": [], "clientName": "Gonzalez, Dyer and Green", "customerId": "KPSCGB2XC40", "genderCode": "O", "genderDesc": "Male", "dateOfBirth": "2021-06-15", "external_id": "12345", "received_ts": 341341879173750, "customerName": "Bates-Patterson", "doNotContact": "f", "subscriberId": "ERRVGB95A58", "external_name": "Gonzalez, Dyer and Green", "dependentTypeId": "QACFGBPQ7XI", "postaladdresses": [{"city": "Port Conniemouth", "state": "North Dakota", "postalCode": "37425", "addressLine1": "33402 Farmer Cape", "addressLine2": "327 Spence Run Apt. 565", "addressTypeCode": "180", "addressTypeDesc": "Other", "postalSuffixCode": "56220"}], "primaryMemberId": "ZANGGBAV46N", "dependentTypeDesc": "hood"}','2022-05-24 09:45:05.124822-04','2022-05-24 09:45:05.124822-04','[2020-01-07,2026-12-22)','False','O'),
	 (19543,1,NULL,'Megan','Bautista','michael97@example.org','UFVEGB1BC5B','PFQNGB72KFL','2014-04-13',NULL,'{"altId": "AYTWGB3R83H", "emails": [{"emailId": "michael97@example.org"}], "source": "optum", "clientId": "12345", "lastName": "Bautista", "memberId": "UFVEGB1BC5B", "policies": [{"effectiveDate": "2020-11-08", "terminationDate": "2026-01-29", "customerAccountId": "JANNGBJQJJI"}], "uniqueId": "VHLFGBW5ZDW", "firstName": "Megan", "attributes": [], "clientName": "Martin, Zuniga and Spencer", "customerId": "ITIVGB1A2DS", "genderCode": "O", "genderDesc": "Male", "dateOfBirth": "2014-04-13", "external_id": "12345", "received_ts": 341341879139041, "customerName": "Clark-Olson", "doNotContact": "f", "subscriberId": "FQQVGBMWEUY", "external_name": "Martin, Zuniga and Spencer", "dependentTypeId": "UTBCGB7S4VP", "postaladdresses": [{"city": "Angelamouth", "state": "New Hampshire", "postalCode": "02083", "addressLine1": "5298 Smith Terrace Apt. 661", "addressLine2": "003 Adkins Squares", "addressTypeCode": "180", "addressTypeDesc": "Other", "postalSuffixCode": "06771"}], "primaryMemberId": "PFQNGB72KFL", "dependentTypeDesc": "roberts"}','2022-05-24 09:45:05.124822-04','2022-05-24 09:45:05.124822-04','[2020-11-08,2026-01-30)','False','O'),
	 (19544,1,NULL,'Roy','Glenn','kurtsmith@example.org','UMWPGBCYN1X','BLRSGBIYJNC','2015-08-14',NULL,'{"altId": "CDJCGBEK2S7", "emails": [{"emailId": "kurtsmith@example.org"}], "source": "optum", "clientId": "12345", "lastName": "Glenn", "memberId": "UMWPGBCYN1X", "policies": [{"effectiveDate": "2022-01-05", "terminationDate": "2023-08-11", "customerAccountId": "LQEKGB0I0ZN"}], "uniqueId": "NHUIGBG1J5R", "firstName": "Roy", "attributes": [], "clientName": "Weber, Clark and Rose", "customerId": "HLMFGBAMEXV", "genderCode": "O", "genderDesc": "Male", "dateOfBirth": "2015-08-14", "external_id": "12345", "received_ts": 341341879202583, "customerName": "Perez-Deleon", "doNotContact": "f", "subscriberId": "CPHHGBIGGBK", "external_name": "Weber, Clark and Rose", "dependentTypeId": "QNBZGB0NBTA", "postaladdresses": [{"city": "Kennethburgh", "state": "Maryland", "postalCode": "59998", "addressLine1": "5120 Roberto Rest Suite 176", "addressLine2": "04220 Cooper Land", "addressTypeCode": "180", "addressTypeDesc": "Other", "postalSuffixCode": "06393"}], "primaryMemberId": "BLRSGBIYJNC", "dependentTypeDesc": "perez-conley"}','2022-05-24 09:45:05.124822-04','2022-05-24 09:45:05.124822-04','[2022-01-05,2023-08-12)','False','O');

INSERT INTO eligibility."member_versioned" (id,organization_id,file_id,first_name,last_name,email,unique_corp_id,dependent_id,date_of_birth,work_state,record,created_at,updated_at,effective_range,do_not_contact,gender_code) VALUES
	 (19535,1,NULL,'Susan','Gonzales','forbestheresa@example.com','CCOUGBC31JA','ILTIGBBBQTT','2018-03-01',NULL,'{"altId": "BHEZGBOBMQA", "emails": [{"emailId": "forbestheresa@example.com"}], "source": "optum", "clientId": "12345", "lastName": "Gonzales", "memberId": "CCOUGBC31JA", "policies": [{"effectiveDate": "2020-01-02", "terminationDate": "2025-08-21", "customerAccountId": "FLCOGB879YO"}], "uniqueId": "GHFDGBVHAU9", "firstName": "Susan", "attributes": [], "clientName": "Pratt-Martin", "customerId": "LMZLGBEJRWU", "genderCode": "O", "genderDesc": "Male", "dateOfBirth": "2018-03-01", "external_id": "12345", "received_ts": 341341879254375, "customerName": "Turner-Lewis", "doNotContact": "f", "subscriberId": "GQGMGBSLFG4", "external_name": "Pratt-Martin", "dependentTypeId": "CBVEGBQHHB0", "postaladdresses": [{"city": "Savageside", "state": "Montana", "postalCode": "88435", "addressLine1": "13138 Ethan Islands", "addressLine2": "55659 Fisher Ramp", "addressTypeCode": "180", "addressTypeDesc": "Other", "postalSuffixCode": "16828"}], "primaryMemberId": "ILTIGBBBQTT", "dependentTypeDesc": "delgado"}','2022-05-24 09:45:05.124822-04','2022-05-24 09:45:05.124822-04','[2020-01-02,2025-08-22)','False','O'),
	 (19536,1,NULL,'Sheila','Payne','albertharrison@example.org','EDBOGBUMG8K','MFTDGB2TDSD','2016-02-01',NULL,'{"altId": "MZXAGBI5GDY", "emails": [{"emailId": "albertharrison@example.org"}], "source": "optum", "clientId": "12345", "lastName": "Payne", "memberId": "EDBOGBUMG8K", "policies": [{"effectiveDate": "2022-05-02", "terminationDate": "2029-02-24", "customerAccountId": "HTRCGBXHHDS"}], "uniqueId": "RTIJGBYA1Q6", "firstName": "Sheila", "attributes": [], "clientName": "Bell, Cole and Caldwell", "customerId": "OKWXGB6SFPG", "genderCode": "O", "genderDesc": "Male", "dateOfBirth": "2016-02-01", "external_id": "12345", "received_ts": 341341879328875, "customerName": "Thompson, Quinn and Bell", "doNotContact": "f", "subscriberId": "CZULGBUDT8Z", "external_name": "Bell, Cole and Caldwell", "dependentTypeId": "RKKJGBVNFNW", "postaladdresses": [{"city": "Jenniferfurt", "state": "Tennessee", "postalCode": "59152", "addressLine1": "6114 Dakota Plains", "addressLine2": "87533 Katherine Village", "addressTypeCode": "180", "addressTypeDesc": "Other", "postalSuffixCode": "45541"}], "primaryMemberId": "MFTDGB2TDSD", "dependentTypeDesc": "cook-bird"}','2022-05-24 09:45:05.124822-04','2022-05-24 09:45:05.124822-04','[2022-05-02,2029-02-25)','False','O'),
	 (19537,1,NULL,'William','Smith','nancy72@example.net','IBBCGBBBNOR','WVIBGBD0JT7','2006-03-05',NULL,'{"altId": "LOXRGBH163E", "emails": [{"emailId": "nancy72@example.net"}], "source": "optum", "clientId": "12345", "lastName": "Smith", "memberId": "IBBCGBBBNOR", "policies": [{"effectiveDate": "2022-02-26", "terminationDate": "2025-10-22", "customerAccountId": "OVSFGBD6B6B"}], "uniqueId": "ESDUGBE410R", "firstName": "William", "attributes": [], "clientName": "Davis and Sons", "customerId": "TWOOGBHNH49", "genderCode": "O", "genderDesc": "Male", "dateOfBirth": "2006-03-05", "external_id": "12345", "received_ts": 341341879228791, "customerName": "Maxwell, Haynes and Hicks", "doNotContact": "f", "subscriberId": "FUTLGBY7HXC", "external_name": "Davis and Sons", "dependentTypeId": "ONEUGBCQTV9", "postaladdresses": [{"city": "Port Katherine", "state": "Hawaii", "postalCode": "21603", "addressLine1": "19799 Rhonda Extension Suite 886", "addressLine2": "0912 James Mills Suite 842", "addressTypeCode": "180", "addressTypeDesc": "Other", "postalSuffixCode": "78024"}], "primaryMemberId": "WVIBGBD0JT7", "dependentTypeDesc": "santiago-ford"}','2022-05-24 09:45:05.124822-04','2022-05-24 09:45:05.124822-04','[2022-02-26,2025-10-23)','False','O'),
	 (19538,1,NULL,'Lisa','Johnson','dianerobinson@example.net','OQGNGBDVXNF','GOEEGBUDPZW','2001-03-28',NULL,'{"altId": "TCVYGBP73ET", "emails": [{"emailId": "dianerobinson@example.net"}], "source": "optum", "clientId": "12345", "lastName": "Johnson", "memberId": "OQGNGBDVXNF", "policies": [{"effectiveDate": "2020-06-09", "terminationDate": "2022-11-17", "customerAccountId": "PXUIGB3B3G2"}], "uniqueId": "YTTGGB1BOS2", "firstName": "Lisa", "attributes": [], "clientName": "Bailey Inc", "customerId": "NKWLGBYCTVZ", "genderCode": "O", "genderDesc": "Male", "dateOfBirth": "2001-03-28", "external_id": "12345", "received_ts": 341341878266333, "customerName": "Knox-Turner", "doNotContact": "f", "subscriberId": "DBEFGBGDDDJ", "external_name": "Bailey Inc", "dependentTypeId": "PRLAGBU6GDZ", "postaladdresses": [{"city": "Walshtown", "state": "Iowa", "postalCode": "21159", "addressLine1": "7016 Michael Junction Suite 951", "addressLine2": "2367 Castro Islands", "addressTypeCode": "180", "addressTypeDesc": "Other", "postalSuffixCode": "53414"}], "primaryMemberId": "GOEEGBUDPZW", "dependentTypeDesc": "davis"}','2022-05-24 09:45:05.124822-04','2022-05-24 09:45:05.124822-04','[2020-06-09,2022-11-18)','False','O'),
	 (19539,1,NULL,'Robert','Cooper','reevesbarbara@example.com','SAFPGBSVVTV','THXKGBA3UBH','2009-01-07',NULL,'{"altId": "PDMQGBOXDTP", "emails": [{"emailId": "reevesbarbara@example.com"}], "source": "optum", "clientId": "12345", "lastName": "Cooper", "memberId": "SAFPGBSVVTV", "policies": [{"effectiveDate": "2021-06-03", "terminationDate": "2026-04-10", "customerAccountId": "DIFMGB1TP1I"}], "uniqueId": "OBZUGB80NGF", "firstName": "Robert", "attributes": [], "clientName": "Young, Mccormick and Lopez", "customerId": "MIGCGBBT81C", "genderCode": "O", "genderDesc": "Male", "dateOfBirth": "2009-01-07", "external_id": "12345", "received_ts": 341341879353333, "customerName": "Rodriguez LLC", "doNotContact": "f", "subscriberId": "NRXNGB41POZ", "external_name": "Young, Mccormick and Lopez", "dependentTypeId": "URJJGBVO611", "postaladdresses": [{"city": "Pamelafort", "state": "Michigan", "postalCode": "45103", "addressLine1": "17214 Murray Park", "addressLine2": "31499 Schaefer Ville Apt. 775", "addressTypeCode": "180", "addressTypeDesc": "Other", "postalSuffixCode": "02757"}], "primaryMemberId": "THXKGBA3UBH", "dependentTypeDesc": "greene"}','2022-05-24 09:45:05.124822-04','2022-05-24 09:45:05.124822-04','[2021-06-03,2026-04-11)','False','O'),
	 (19540,1,NULL,'Glen','Harding','larsenbrittany@example.com','SIIBGBGTUX2','RPTLGB7HDE6','2009-09-25',NULL,'{"altId": "FVURGBEWKAC", "emails": [{"emailId": "larsenbrittany@example.com"}], "source": "optum", "clientId": "12345", "lastName": "Harding", "memberId": "SIIBGBGTUX2", "policies": [{"effectiveDate": "2021-12-28", "terminationDate": "2026-04-13", "customerAccountId": "IHZJGB4GNC0"}], "uniqueId": "WILBGB2VGT7", "firstName": "Glen", "attributes": [], "clientName": "Fox, Carter and Montes", "customerId": "RLBVGBL79NP", "genderCode": "O", "genderDesc": "Male", "dateOfBirth": "2009-09-25", "external_id": "12345", "received_ts": 341341879303958, "customerName": "Zavala, Davis and Lopez", "doNotContact": "f", "subscriberId": "UITWGBQRVKW", "external_name": "Fox, Carter and Montes", "dependentTypeId": "GFFCGBJYQB3", "postaladdresses": [{"city": "Port Beckyborough", "state": "Washington", "postalCode": "11285", "addressLine1": "792 Victoria Mountains", "addressLine2": "4424 Erika Lakes Apt. 961", "addressTypeCode": "180", "addressTypeDesc": "Other", "postalSuffixCode": "97384"}], "primaryMemberId": "RPTLGB7HDE6", "dependentTypeDesc": "wilkinson"}','2022-05-24 09:45:05.124822-04','2022-05-24 09:45:05.124822-04','[2021-12-28,2026-04-14)','False','O'),
	 (19541,1,NULL,'Brian','Owens','urogers@example.com','TTUQGBGO5CF','SEXHGB1JZ43','2007-08-14',NULL,'{"altId": "HNJIGBG1H4K", "emails": [{"emailId": "urogers@example.com"}], "source": "optum", "clientId": "12345", "lastName": "Owens", "memberId": "TTUQGBGO5CF", "policies": [{"effectiveDate": "2021-05-16", "terminationDate": "2023-07-24", "customerAccountId": "TILWGBVM2CD"}], "uniqueId": "VCIEGBFV6IX", "firstName": "Brian", "attributes": [], "clientName": "Benjamin, Leonard and Smith", "customerId": "LVPYGBVPVMG", "genderCode": "O", "genderDesc": "Male", "dateOfBirth": "2007-08-14", "external_id": "12345", "received_ts": 341341879279625, "customerName": "Johnston, Rivas and Torres", "doNotContact": "f", "subscriberId": "MQIUGBXDHHV", "external_name": "Benjamin, Leonard and Smith", "dependentTypeId": "FYABGBS06AD", "postaladdresses": [{"city": "New Dennisfort", "state": "Minnesota", "postalCode": "45228", "addressLine1": "2624 Shannon Course", "addressLine2": "802 Laura Branch", "addressTypeCode": "180", "addressTypeDesc": "Other", "postalSuffixCode": "09616"}], "primaryMemberId": "SEXHGB1JZ43", "dependentTypeDesc": "harris-briggs"}','2022-05-24 09:45:05.124822-04','2022-05-24 09:45:05.124822-04','[2021-05-16,2023-07-25)','False','O'),
	 (19542,1,NULL,'Monica','Hill','erin05@example.net','UDMSGB5ER03','ZANGGBAV46N','2021-06-15',NULL,'{"altId": "NLYEGBY9FQT", "emails": [{"emailId": "erin05@example.net"}], "source": "optum", "clientId": "12345", "lastName": "Hill", "memberId": "UDMSGB5ER03", "policies": [{"effectiveDate": "2020-01-07", "terminationDate": "2026-12-21", "customerAccountId": "VUMUGBJ8RKL"}], "uniqueId": "EGBPGB1UGH5", "firstName": "Monica", "attributes": [], "clientName": "Gonzalez, Dyer and Green", "customerId": "KPSCGB2XC40", "genderCode": "O", "genderDesc": "Male", "dateOfBirth": "2021-06-15", "external_id": "12345", "received_ts": 341341879173750, "customerName": "Bates-Patterson", "doNotContact": "f", "subscriberId": "ERRVGB95A58", "external_name": "Gonzalez, Dyer and Green", "dependentTypeId": "QACFGBPQ7XI", "postaladdresses": [{"city": "Port Conniemouth", "state": "North Dakota", "postalCode": "37425", "addressLine1": "33402 Farmer Cape", "addressLine2": "327 Spence Run Apt. 565", "addressTypeCode": "180", "addressTypeDesc": "Other", "postalSuffixCode": "56220"}], "primaryMemberId": "ZANGGBAV46N", "dependentTypeDesc": "hood"}','2022-05-24 09:45:05.124822-04','2022-05-24 09:45:05.124822-04','[2020-01-07,2026-12-22)','False','O'),
	 (19543,1,NULL,'Megan','Bautista','michael97@example.org','UFVEGB1BC5B','PFQNGB72KFL','2014-04-13',NULL,'{"altId": "AYTWGB3R83H", "emails": [{"emailId": "michael97@example.org"}], "source": "optum", "clientId": "12345", "lastName": "Bautista", "memberId": "UFVEGB1BC5B", "policies": [{"effectiveDate": "2020-11-08", "terminationDate": "2026-01-29", "customerAccountId": "JANNGBJQJJI"}], "uniqueId": "VHLFGBW5ZDW", "firstName": "Megan", "attributes": [], "clientName": "Martin, Zuniga and Spencer", "customerId": "ITIVGB1A2DS", "genderCode": "O", "genderDesc": "Male", "dateOfBirth": "2014-04-13", "external_id": "12345", "received_ts": 341341879139041, "customerName": "Clark-Olson", "doNotContact": "f", "subscriberId": "FQQVGBMWEUY", "external_name": "Martin, Zuniga and Spencer", "dependentTypeId": "UTBCGB7S4VP", "postaladdresses": [{"city": "Angelamouth", "state": "New Hampshire", "postalCode": "02083", "addressLine1": "5298 Smith Terrace Apt. 661", "addressLine2": "003 Adkins Squares", "addressTypeCode": "180", "addressTypeDesc": "Other", "postalSuffixCode": "06771"}], "primaryMemberId": "PFQNGB72KFL", "dependentTypeDesc": "roberts"}','2022-05-24 09:45:05.124822-04','2022-05-24 09:45:05.124822-04','[2020-11-08,2026-01-30)','False','O'),
	 (19544,1,NULL,'Roy','Glenn','kurtsmith@example.org','UMWPGBCYN1X','BLRSGBIYJNC','2015-08-14',NULL,'{"altId": "CDJCGBEK2S7", "emails": [{"emailId": "kurtsmith@example.org"}], "source": "optum", "clientId": "12345", "lastName": "Glenn", "memberId": "UMWPGBCYN1X", "policies": [{"effectiveDate": "2022-01-05", "terminationDate": "2023-08-11", "customerAccountId": "LQEKGB0I0ZN"}], "uniqueId": "NHUIGBG1J5R", "firstName": "Roy", "attributes": [], "clientName": "Weber, Clark and Rose", "customerId": "HLMFGBAMEXV", "genderCode": "O", "genderDesc": "Male", "dateOfBirth": "2015-08-14", "external_id": "12345", "received_ts": 341341879202583, "customerName": "Perez-Deleon", "doNotContact": "f", "subscriberId": "CPHHGBIGGBK", "external_name": "Weber, Clark and Rose", "dependentTypeId": "QNBZGB0NBTA", "postaladdresses": [{"city": "Kennethburgh", "state": "Maryland", "postalCode": "59998", "addressLine1": "5120 Roberto Rest Suite 176", "addressLine2": "04220 Cooper Land", "addressTypeCode": "180", "addressTypeDesc": "Other", "postalSuffixCode": "06393"}], "primaryMemberId": "BLRSGBIYJNC", "dependentTypeDesc": "perez-conley"}','2022-05-24 09:45:05.124822-04','2022-05-24 09:45:05.124822-04','[2022-01-05,2023-08-12)','False','O');


--- Wallet testing data
INSERT INTO eligibility."member" (organization_id,file_id,first_name,last_name,email,unique_corp_id,dependent_id,date_of_birth,work_state,record,created_at,updated_at,effective_range,do_not_contact,gender_code,employer_assigned_id) VALUES
	 (1,NULL,'Alfred','Berry','dturner@example.org','BZVQGBYIP3R','AMYXGBCD7BP','2008-05-12',NULL,'{"wallet_eligibility_start_date": null, "employee_start_date": "2022-03-01", "altId": "LYUWGB583FK", "emails": [{"emailId": "dturner@example.org"}], "source": "optum", "clientId": "12345", "lastName": "Berry", "memberId": "BZVQGBYIP3R", "policies": [{"effectiveDate": "2022-04-25", "terminationDate": "2026-12-14", "customerAccountId": "DZNQGBT0O4Z"}], "uniqueId": "LKRPGBA7127", "firstName": "Alfred", "attributes": [], "clientName": "Wagner, Andrews and Branch", "customerId": "TZZZGB3WP3B", "genderCode": "", "genderDesc": "Unknown", "dateOfBirth": "2008-05-12", "external_id": "12345", "received_ts": 179597486791, "customerName": "Brown-Perkins", "doNotContact": "True", "subscriberId": "KHGVGBNVY02", "external_name": "Wagner, Andrews and Branch", "dependentTypeId": "UXUBGBPY8AN", "postaladdresses": [{"city": "North Nicole", "state": "Mississippi", "postalCode": "15224", "addressLine1": "219 Jason Branch Apt. 601", "addressLine2": "36398 Middleton Groves", "isoCountryCode": "SC", "isoCountryDesc": "Tajikistan", "addressTypeCode": "180", "addressTypeDesc": "", "postalSuffixCode": "35473"}], "primaryMemberId": "AMYXGBCD7BP", "dependentTypeDesc": "mayer", "employerAssignedId": "MNQNGBN0RHS", "authoritativeRepresentatives": [{"authoReprIsoCountryCode": "VU", "authoReprIsoCountryDesc": "Isle of Man"}]}','2022-10-07 10:41:06.048','2022-10-07 10:41:06.048','[2022-04-25,2026-12-15)'::daterange,'True','','MNQNGBN0RHS'),
	 (1,NULL,'Andrew','Armstrong','george62@example.net','HIYEGB48BVT','IZXSGBUYZAC','2011-04-13',NULL,'{"wallet_eligibility_start_date": "2020-03-01", "employee_start_date": null, "altId": "WEOGGBTJIAZ", "emails": [{"emailId": "george62@example.net"}], "source": "optum", "clientId": "12345", "lastName": "Armstrong", "memberId": "HIYEGB48BVT", "policies": [{"effectiveDate": "2020-12-05", "terminationDate": "2022-12-12", "customerAccountId": "LCWKGBAKQZ8"}], "uniqueId": "UJHIGBDXYLV", "firstName": "Andrew", "attributes": [], "clientName": "Allen, Freeman and Rivas", "customerId": "ETQTGBOR8NU", "genderCode": "", "genderDesc": "Unknown", "dateOfBirth": "2011-04-13", "external_id": "12345", "received_ts": 179597123958, "customerName": "Hamilton-Garner", "doNotContact": "True", "subscriberId": "KITPGBFEJA0", "external_name": "Allen, Freeman and Rivas", "dependentTypeId": "ADBHGB81J2I", "postaladdresses": [{"city": "Garzatown", "state": "West Virginia", "postalCode": "51457", "addressLine1": "6112 Andrea Drive", "addressLine2": "14395 Alexis Glens", "isoCountryCode": "PT", "isoCountryDesc": "Israel", "addressTypeCode": "180", "addressTypeDesc": "", "postalSuffixCode": "47825"}], "primaryMemberId": "IZXSGBUYZAC", "dependentTypeDesc": "hill", "employerAssignedId": "WNEFGB04VNE", "authoritativeRepresentatives": [{"authoReprIsoCountryCode": "IS", "authoReprIsoCountryDesc": "Korea"}]}','2022-10-07 10:41:06.048','2022-10-07 10:41:06.048','[2020-12-05,2022-12-13)'::daterange,'True','','WNEFGB04VNE'),
	 (1,NULL,'Steven','Henderson','angela15@example.org','KNGVGBD3PDN','IBIUGB9BRLW','2013-08-22',NULL,'{"wallet_eligibility_start_date": null, "employee_start_date": null, "altId": "FBWIGB3ZM9B", "emails": [{"emailId": "angela15@example.org"}], "source": "optum", "clientId": "12345", "lastName": "Henderson", "memberId": "KNGVGBD3PDN", "policies": [{"effectiveDate": "2022-08-26", "terminationDate": "2026-09-25", "customerAccountId": "XHPZGB4IIF9"}], "uniqueId": "PDSVGBQEOIQ", "firstName": "Steven", "attributes": [], "clientName": "Smith-Shelton", "customerId": "TQYKGBKYD2X", "genderCode": "", "genderDesc": "Unknown", "dateOfBirth": "2013-08-22", "external_id": "12345", "received_ts": 179598637458, "customerName": "Gilbert, Brown and Dennis", "doNotContact": "True", "subscriberId": "RIPOGBHHXTP", "external_name": "Smith-Shelton", "dependentTypeId": "OJHDGB77D56", "postaladdresses": [{"city": "Katherinefurt", "state": "Utah", "postalCode": "57643", "addressLine1": "50752 Jared Walks", "addressLine2": "4115 Nicholas Village Suite 716", "isoCountryCode": "SM", "isoCountryDesc": "Guinea", "addressTypeCode": "180", "addressTypeDesc": "", "postalSuffixCode": "72251"}], "primaryMemberId": "IBIUGB9BRLW", "dependentTypeDesc": "ryan", "employerAssignedId": "EHDKGBQISUU", "authoritativeRepresentatives": [{"authoReprIsoCountryCode": "IL", "authoReprIsoCountryDesc": "Andorra"}]}','2022-10-07 10:41:06.048','2022-10-07 10:41:06.048','[2022-08-26,2026-09-26)'::daterange,'True','','EHDKGBQISUU'),
	 (1,NULL,'Charles','Cooper','james89@example.net','KQDAGBNUI1A','JMQCGB10GQU','2002-03-19',NULL,'{"wallet_eligibility_start_date": null, "employee_start_date": "2022-03-01", "altId": "TNIZGBE1TRZ", "emails": [{"emailId": "james89@example.net"}], "source": "optum", "clientId": "12345", "lastName": "Cooper", "memberId": "KQDAGBNUI1A", "policies": [{"effectiveDate": "2021-10-08", "terminationDate": "2027-06-04", "customerAccountId": "WFMIGBFHB7F"}], "uniqueId": "JUMMGBKKMDF", "firstName": "Charles", "attributes": [], "clientName": "Kelly Inc", "customerId": "PEGJGBQC2E1", "genderCode": "", "genderDesc": "Unknown", "dateOfBirth": "2002-03-19", "external_id": "12345", "received_ts": 179596968041, "customerName": "Foster LLC", "doNotContact": "True", "subscriberId": "EIWZGBLNT46", "external_name": "Kelly Inc", "dependentTypeId": "IQKGGB20NDR", "postaladdresses": [{"city": "West Jesusfurt", "state": "Idaho", "postalCode": "82573", "addressLine1": "294 Jessica Fork", "addressLine2": "38246 Carrie Path Apt. 689", "isoCountryCode": "US", "isoCountryDesc": "Kazakhstan", "addressTypeCode": "180", "addressTypeDesc": "", "postalSuffixCode": "06290"}], "primaryMemberId": "JMQCGB10GQU", "dependentTypeDesc": "maxwell", "employerAssignedId": "QLLNGB3R2VN", "authoritativeRepresentatives": [{"authoReprIsoCountryCode": "IN", "authoReprIsoCountryDesc": "Qatar"}]}','2022-10-07 10:41:06.048','2022-10-07 10:41:06.048','[2021-10-08,2027-06-05)'::daterange,'True','','QLLNGB3R2VN'),
	 (1,NULL,'David','Holt','kevinrobinson@example.com','MCXAGBXGNP5','EZXRGBK4SWY','2015-08-14',NULL,'{"wallet_eligibility_start_date": "2020-03-01", "employee_start_date": null, "altId": "GRARGBL6U3R", "emails": [{"emailId": "kevinrobinson@example.com"}], "source": "optum", "clientId": "12345", "lastName": "Holt", "memberId": "MCXAGBXGNP5", "policies": [{"effectiveDate": "2020-02-10", "terminationDate": "2024-05-16", "customerAccountId": "AZOPGBHAZHK"}], "uniqueId": "RONKGBKTNFS", "firstName": "David", "attributes": [], "clientName": "Jackson-Hall", "customerId": "YPBYGBE05HT", "genderCode": "", "genderDesc": "Unknown", "dateOfBirth": "2015-08-14", "external_id": "12345", "received_ts": 179598543250, "customerName": "Hunter, Brooks and Foster", "doNotContact": "True", "subscriberId": "RUZAGB77J1N", "external_name": "Jackson-Hall", "dependentTypeId": "TNJAGB2LRRA", "postaladdresses": [{"city": "Caitlinmouth", "state": "New Mexico", "postalCode": "33622", "addressLine1": "340 Bell Cliff Apt. 083", "addressLine2": "308 Fischer Ranch", "isoCountryCode": "KN", "isoCountryDesc": "Antarctica (the territory South of 60 deg S)", "addressTypeCode": "180", "addressTypeDesc": "", "postalSuffixCode": "95589"}], "primaryMemberId": "EZXRGBK4SWY", "dependentTypeDesc": "giles", "employerAssignedId": "TSHJGBNL8LK", "authoritativeRepresentatives": [{"authoReprIsoCountryCode": "ST", "authoReprIsoCountryDesc": "Uganda"}]}','2022-10-07 10:41:06.048','2022-10-07 10:41:06.048','[2020-02-10,2024-05-17)'::daterange,'True','','TSHJGBNL8LK'),
	 (1,NULL,'Sonya','Lane','nicole35@example.com','MWWVGBMI50U','LOYAGBKTLVU','2001-05-24',NULL,'{"wallet_eligibility_start_date": null, "employee_start_date": null, "altId": "HZAOGBGDJS1", "emails": [{"emailId": "nicole35@example.com"}], "source": "optum", "clientId": "12345", "lastName": "Lane", "memberId": "MWWVGBMI50U", "policies": [{"effectiveDate": "2020-12-12", "terminationDate": "2025-04-08", "customerAccountId": "EZIKGBI2WY6"}], "uniqueId": "PVOJGBWC0PE", "firstName": "Sonya", "attributes": [], "clientName": "Barry, Sanders and Walker", "customerId": "LONOGBA0J96", "genderCode": "", "genderDesc": "Unknown", "dateOfBirth": "2001-05-24", "external_id": "12345", "received_ts": 179597884916, "customerName": "Williams, Jordan and Young", "doNotContact": "True", "subscriberId": "XWWWGBERT61", "external_name": "Barry, Sanders and Walker", "dependentTypeId": "GQWWGB71MRB", "postaladdresses": [{"city": "Yvonneville", "state": "Oregon", "postalCode": "21473", "addressLine1": "2874 Cheryl Valley Apt. 483", "addressLine2": "047 Brian Shoal Apt. 738", "isoCountryCode": "ZW", "isoCountryDesc": "United Kingdom", "addressTypeCode": "180", "addressTypeDesc": "", "postalSuffixCode": "49202"}], "primaryMemberId": "LOYAGBKTLVU", "dependentTypeDesc": "james-barnes", "employerAssignedId": "BOYOGBUA768", "authoritativeRepresentatives": [{"authoReprIsoCountryCode": "SL", "authoReprIsoCountryDesc": "San Marino"}]}','2022-10-07 10:41:06.048','2022-10-07 10:41:06.048','[2020-12-12,2025-04-09)'::daterange,'True','','BOYOGBUA768'),
	 (1,NULL,'Emily','Alvarez','margaret91@example.org','PJMWGBU0RZ6','QFSXGBVOP2N','2004-11-24',NULL,'{"wallet_eligibility_start_date": null, "employee_start_date": "2022-03-01", "altId": "BAUFGBIBM7B", "emails": [{"emailId": "margaret91@example.org"}], "source": "optum", "clientId": "12345", "lastName": "Alvarez", "memberId": "PJMWGBU0RZ6", "policies": [{"effectiveDate": "2021-07-29", "terminationDate": "2023-06-23", "customerAccountId": "UKTKGB1PZUP"}], "uniqueId": "DYVKGBUKXAQ", "firstName": "Emily", "attributes": [], "clientName": "Thompson-Blackburn", "customerId": "CPWBGB8MUBT", "genderCode": "", "genderDesc": "Unknown", "dateOfBirth": "2004-11-24", "external_id": "12345", "received_ts": 179597641083, "customerName": "Beck-Solomon", "doNotContact": "True", "subscriberId": "UQCAGB02518", "external_name": "Thompson-Blackburn", "dependentTypeId": "ZCOLGBFNF16", "postaladdresses": [{"city": "Port Edwardmouth", "state": "North Carolina", "postalCode": "27204", "addressLine1": "9553 Edwards Valleys Apt. 442", "addressLine2": "74540 Lopez Islands", "isoCountryCode": "IR", "isoCountryDesc": "Cote d''Ivoire", "addressTypeCode": "180", "addressTypeDesc": "", "postalSuffixCode": "09456"}], "primaryMemberId": "QFSXGBVOP2N", "dependentTypeDesc": "graham-gutierrez", "employerAssignedId": "RHEXGB3582F", "authoritativeRepresentatives": [{"authoReprIsoCountryCode": "TG", "authoReprIsoCountryDesc": "Brazil"}]}','2022-10-07 10:41:06.048','2022-10-07 10:41:06.048','[2021-07-29,2023-06-24)'::daterange,'True','','RHEXGB3582F'),
	 (1,NULL,'Joshua','Campbell','christybenson@example.com','PQAGGBQB04J','CGQBGBMSLX3','2012-02-20',NULL,'{"wallet_eligibility_start_date": "2020-03-01", "employee_start_date": null, "altId": "TMNEGBZXAJ0", "emails": [{"emailId": "christybenson@example.com"}], "source": "optum", "clientId": "12345", "lastName": "Campbell", "memberId": "PQAGGBQB04J", "policies": [{"effectiveDate": "2021-03-16", "terminationDate": "2026-04-13", "customerAccountId": "CLVHGBENV7C"}], "uniqueId": "ZGUQGBX5CGS", "firstName": "Joshua", "attributes": [], "clientName": "Barnes Group", "customerId": "UAPNGBX95S2", "genderCode": "", "genderDesc": "Unknown", "dateOfBirth": "2012-02-20", "external_id": "12345", "received_ts": 179598263125, "customerName": "Johnson, Ayala and Camacho", "doNotContact": "True", "subscriberId": "TTKIGBEO0HZ", "external_name": "Barnes Group", "dependentTypeId": "YTLVGBVNDD0", "postaladdresses": [{"city": "Barnesstad", "state": "Mississippi", "postalCode": "84043", "addressLine1": "00711 Alison Turnpike Suite 998", "addressLine2": "750 Joshua Squares Apt. 613", "isoCountryCode": "AZ", "isoCountryDesc": "Pitcairn Islands", "addressTypeCode": "180", "addressTypeDesc": "", "postalSuffixCode": "77351"}], "primaryMemberId": "CGQBGBMSLX3", "dependentTypeDesc": "taylor", "employerAssignedId": "FJOZGB9J8PJ", "authoritativeRepresentatives": [{"authoReprIsoCountryCode": "FM", "authoReprIsoCountryDesc": "Guatemala"}]}','2022-10-07 10:41:06.048','2022-10-07 10:41:06.048','[2021-03-16,2026-04-14)'::daterange,'True','','FJOZGB9J8PJ'),
	 (1,NULL,'Catherine','Wheeler','raymond13@example.org','RXUYGB6XH0T','SIEJGBRGI6R','2017-11-23',NULL,'{"wallet_enabled": "True", "wallet_eligibility_start_date": null, "employee_start_date": null,  "altId": "JKFMGBZ1J5N", "emails": [{"emailId": "raymond13@example.org"}], "source": "optum", "clientId": "12345", "lastName": "Wheeler", "memberId": "RXUYGB6XH0T", "policies": [{"effectiveDate": "2020-03-01", "terminationDate": "2023-06-29", "customerAccountId": "KHKWGBX4NZS"}], "uniqueId": "LQCAGBL9YE9", "firstName": "Catherine", "attributes": [], "clientName": "Howard, Gibson and Rogers", "customerId": "RZQZGBAQ7UA", "genderCode": "", "genderDesc": "Unknown", "dateOfBirth": "2017-11-23", "external_id": "12345", "received_ts": 179598071625, "customerName": "Chan, Zimmerman and Huber", "doNotContact": "True", "subscriberId": "QCTQGB63VD7", "external_name": "Howard, Gibson and Rogers", "dependentTypeId": "GYYHGB63DBC", "postaladdresses": [{"city": "New Jessicaside", "state": "Utah", "postalCode": "01585", "addressLine1": "33023 Jessica Parkway", "addressLine2": "15558 Nunez Ports", "isoCountryCode": "PL", "isoCountryDesc": "Korea", "addressTypeCode": "180", "addressTypeDesc": "", "postalSuffixCode": "50160"}], "primaryMemberId": "SIEJGBRGI6R", "dependentTypeDesc": "long", "employerAssignedId": "LMUTGB842RP", "authoritativeRepresentatives": [{"authoReprIsoCountryCode": "AT", "authoReprIsoCountryDesc": "Myanmar"}]}','2022-10-07 10:41:06.048','2022-10-07 10:41:06.048','[2020-03-01,2023-06-30)'::daterange,'True','','LMUTGB842RP'),
	 (1,NULL,'Amanda','Kidd','alexisstevens@example.net','ZMIQGBYKZ5K','LHWSGBZMPAH','2005-06-16',NULL,'{"wallet_enabled": "False", "employee_eligibility_date" : "2022-06-23", "altId": "HGUJGBGR5VK", "emails": [{"emailId": "alexisstevens@example.net"}], "source": "optum", "clientId": "12345", "lastName": "Kidd", "memberId": "ZMIQGBYKZ5K", "policies": [{"effectiveDate": "2020-11-01", "terminationDate": "2027-08-16", "customerAccountId": "CIYEGBXL1F3"}], "uniqueId": "JYBOGBAYXJ1", "firstName": "Amanda", "attributes": [], "clientName": "Ortega-Clark", "customerId": "HPYJGBH71RJ", "genderCode": "", "genderDesc": "Unknown", "dateOfBirth": "2005-06-16", "external_id": "12345", "received_ts": 179598372625, "customerName": "Hernandez-Turner", "doNotContact": "True", "subscriberId": "JZLDGBCDW41", "external_name": "Ortega-Clark", "dependentTypeId": "YLKEGB4DVLR", "postaladdresses": [{"city": "New Sherryberg", "state": "Minnesota", "postalCode": "13682", "addressLine1": "03981 Cruz Crossing Apt. 646", "addressLine2": "372 Johnson Trace Suite 180", "isoCountryCode": "GA", "isoCountryDesc": "Luxembourg", "addressTypeCode": "180", "addressTypeDesc": "", "postalSuffixCode": "76925"}], "primaryMemberId": "LHWSGBZMPAH", "dependentTypeDesc": "ferguson", "employerAssignedId": "WUYCGBPHDNN", "authoritativeRepresentatives": [{"authoReprIsoCountryCode": "ES", "authoReprIsoCountryDesc": "Korea"}]}','2022-10-07 10:41:06.048','2022-10-07 10:41:06.048','[2020-11-01,2027-08-17)'::daterange,'True','','WUYCGBPHDNN');






INSERT INTO eligibility.member_address (id,member_id,address_1,address_2,city,state,postal_code,postal_code_suffix,country_code,address_type,created_at,updated_at) VALUES
	 (823,19538,'7016 Michael Junction Suite 951','2367 Castro Islands','Walshtown','Iowa','21159','53414','None',NULL,'2022-05-24 09:45:05.124822-04','2022-05-24 09:45:05.124822-04'),
	 (824,19543,'5298 Smith Terrace Apt. 661','003 Adkins Squares','Angelamouth','New Hampshire','02083','06771','None',NULL,'2022-05-24 09:45:05.124822-04','2022-05-24 09:45:05.124822-04'),
	 (825,19542,'33402 Farmer Cape','327 Spence Run Apt. 565','Port Conniemouth','North Dakota','37425','56220','None',NULL,'2022-05-24 09:45:05.124822-04','2022-05-24 09:45:05.124822-04'),
	 (826,19544,'5120 Roberto Rest Suite 176','04220 Cooper Land','Kennethburgh','Maryland','59998','06393','None',NULL,'2022-05-24 09:45:05.124822-04','2022-05-24 09:45:05.124822-04'),
	 (827,19537,'19799 Rhonda Extension Suite 886','0912 James Mills Suite 842','Port Katherine','Hawaii','21603','78024','None',NULL,'2022-05-24 09:45:05.124822-04','2022-05-24 09:45:05.124822-04'),
	 (828,19535,'13138 Ethan Islands','55659 Fisher Ramp','Savageside','Montana','88435','16828','None',NULL,'2022-05-24 09:45:05.124822-04','2022-05-24 09:45:05.124822-04'),
	 (829,19541,'2624 Shannon Course','802 Laura Branch','New Dennisfort','Minnesota','45228','09616','None',NULL,'2022-05-24 09:45:05.124822-04','2022-05-24 09:45:05.124822-04'),
	 (830,19540,'792 Victoria Mountains','4424 Erika Lakes Apt. 961','Port Beckyborough','Washington','11285','97384','None',NULL,'2022-05-24 09:45:05.124822-04','2022-05-24 09:45:05.124822-04'),
	 (831,19536,'6114 Dakota Plains','87533 Katherine Village','Jenniferfurt','Tennessee','59152','45541','None',NULL,'2022-05-24 09:45:05.124822-04','2022-05-24 09:45:05.124822-04'),
	 (832,19539,'17214 Murray Park','31499 Schaefer Ville Apt. 775','Pamelafort','Michigan','45103','02757','None',NULL,'2022-05-24 09:45:05.124822-04','2022-05-24 09:45:05.124822-04');